ID,Language_Name,Language_ID,Primary_Text,Analyzed_Word,Gloss,Translated_Text,Source,Meta_Language_ID,LGR_Conformance,Comment,Gloss_LaTeX
0,Hausa,haus1257,mū Háusā̀wā,mū Háusā̀wā,we Hausa,we Hausa,newman2000[371],stan1293,MORPHEME_ALIGNED,,we Hausa
1,Hausa,haus1257,shī wannàn mālàmī,shī wannàn mālàmī,he DEM.1 teacher,he (this) teacher,newman2000[371],stan1293,MORPHEME_ALIGNED,,he \Dem{}.1 teacher
2,Hausa,haus1257,mū mā̀làmannàn,mū mā̀làman-nàn,we teacher-DEM.PROX,we these teachers,newman2000[155],stan1293,MORPHEME_ALIGNED,,we teacher-\Dem.\Prox{}
3,Mupun,mwag1236,war manaja nə,war manaja nə,3F manager DEF,"she, the manager","frajzyngier1993[172, (154)]",stan1293,WORD_ALIGNED,,3\F{} manager \Def{}
4,Gorwaa,goro1270,atén oo hhawató,atén oo hhawató,Pro1PL ANAPH.M men.LNK.M,we men,"harvey2018[163, (2.205)]",stan1293,WORD_ALIGNED,,Pro1\Pl{} \Anaph.\M{} men.\Lnk.\M{}
5,Kambaata,kamb1316,na'óot Kambáatu,na'óot Kambáat-u,1PL.NOM Kambaata-M.NOM,we Kambaata (people),"treis2008[335, (1097)]",stan1293,MORPHEME_ALIGNED,,1\Pl.\Nom{} Kambaata-\M.\Nom{}
6,Cairene Egyptian Colloquial Arabic,egyp1253,ʔintu ʔittalamza tiħibbu ʔilliʕb,ʔintu ʔit[-]talamza tiħibbu ʔilliʕb,you.PL [DEF-]students 2PL.like playing,You students like playing.,"garygamal1982[80, (533)]",stan1293,MORPHEME_ALIGNED,,you.\Pl{} [\Def-]students 2\Pl{}.like playing
7,Gulf Arabic,gulf1241,iHna TTullaab ma nigdar nigbal haadha lqaraar,iHna T-Tullaab ma nigdar nigbal haadha l-qaraar,we DEF-students not 1PL.be.able 1PL.accept this DEF-decision,We students cannot accept this decision,"holes1990[165, (845)]",stan1293,MORPHEME_ALIGNED,,we \Def-students not 1\Pl.be.able 1\Pl.accept this \Def-decision
8,Maltese,malt1254,Intom ilħaddiema għandkom tingħaqdu,[Intom il-ħaddiema] għandkom tingħaqdu,you DEF-workers have.2PL unite.2PL,You workmen should unite together.,"borgazzopardialexander1997[202, (915)]",stan1293,MORPHEME_ALIGNED,,you \Def-workers have.2\Pl{} unite.2\Pl{}
9,Mangarrayi,mang1381,ŋjḷa malamgaḷa gaŋiḷaṇi ṇawaḷayjñingan,ŋjḷa malam-gaḷa ga-ŋiḷa-ṇi ṇa-waḷayjñin-gan,1PL.EXCL.NOM man-PL.NOM 3-1PL.EXCL-sit NLoc-shade,We men are sitting in the shade.,merlan1989[103],stan1293,MORPHEME_ALIGNED,,1\Pl.\Excl.\Nom{} man-\Pl.\Nom{} 3-1\Pl.\Excl-sit NLoc-shade
10,Diyari,dier1241,ngayani wakali thananha nhayiyi,ngayani waka-li thananha nhayi-yi,1PL.EXCL.NOM small-ERG 3PL.ACC see-PRS,We small (ones) watch them,"austin2013[102, (106)]",stan1293,MORPHEME_ALIGNED,,1\Pl.\Excl.\Nom{} small-\Erg{} 3\Pl.\Acc{} see-\Prs{}
11,Diyari,dier1241,ngardanhi thanali nhinha yakalkayi yaruya wardayarilha yini pinarru,ngarda-nhi thana-li nhinha yakalka-yi yaru-ya wardayari-lha yini pinarru,then-LOC 3PL.ERG 3SG.NF.ACC ask-PRS like-DEM.PROX where-CHAR 2SG.NOM old.man.NOM,"Then they asked him the following: ""Where are you from, old man?"" ","austin2013[119, (175)]",stan1293,MORPHEME_ALIGNED,,then-\Loc{} 3\Pl.\Erg{} 3\Sg.\Nf.\Acc{} ask-\Prs{} like-\Dem.\Prox{} where-\Char{} 2\Sg.\Nom{} old.man.\Nom
12,Diyari,dier1241,nhani mankarra thurarayi thananguya kinthalanhi,nhani mankarra thurara-yi thana-ngu-ya kinthala-nhi,3SG.F.NOM girl.NOM lie-PRS 3PL-LOC-PROX dog-LOC,The girl is lying with those dogs,"austin2013[150, (311)]",stan1293,MORPHEME_ALIGNED,,3\Sg.\F.\Nom{} girl.\Nom{} lie-\Prs{} 3\Pl-\Loc-\Prox{} dog-\Loc{}
13,Warlpiri,warl1254,ŋarka njanuŋu ka puḷami,ŋarka njanuŋu ka puḷa-mi,man 3 PRS shout-NPST,The aforementioned man is shouting,"hale1973[316, (22)]",stan1293,MORPHEME_ALIGNED,,man 3 \Prs{} shout-\Npst{}
14,Warlpiri,warl1254,yapa ŋatju,yapa ŋatju,person 1SG,I person,hale1973[317],stan1293,MORPHEME_ALIGNED,,person 1\Sg{}
15,Pitjantjatjara,pitj1243,Minyma paluṟu ngayunya nyangu,Minyma paluṟu ngayu-nya nya-ngu,woman 3SG.NOM 1SG.ACC see-PST,The woman saw me.,"bowe1990[31, (110)]",stan1293,MORPHEME_ALIGNED,,woman 3\Sg{}.\Nom{} 1\Sg{}.\Acc{} see-\Pst{}
16,Pitjantjatjara,pitj1243,Paluṟu wati nyara waṟangku mutaka palyanu,Paluṟu wati nyara waṟa-ngku mutaka palya-nu,3SG.NOM man distant tall-ERG car fix-PST,The tall man over there (in contrast to the other one) fixed the car.,"bowe1990[34, (114)]",stan1293,MORPHEME_ALIGNED,,3\Sg{}.\Nom{} man distant tall-\Erg{} car fix-\Pst{}
17,Guugu Yimidhirr,gugu1255,Nyulu nhayun waarigan gaday waangguwunaarnay.,Nyulu nhayun waarigan gada-y waanggu=wunaarna-y.,3SG.NOM that.ABS moon.ABS come-PST sleep=lie+REDUP-PST,[Then] the Moon came and lay down to sleep.,"haviland1979[157, (423)]",stan1293,MORPHEME_ALIGNED,,3\Sg.\Nom{} that.\Abs{} moon.\Abs{} come-\Pst{} sleep=lie+\Redup-\Pst
18,Guugu Yimidhirr,gugu1255,Bidha nyulu biini.,Bidha nyulu biini.,child.ABS 3SG.NOM die.PST,The child died.,"haviland1979[157, (424a)]",stan1293,MORPHEME_ALIGNED,,child.\Abs{} 3\Sg.\Nom{} die.\Pst{}
19,Kuku Yalanji,kuku1273,nyulu jalbu,nyulu jalbu,3SG woman,the woman,patz2002[202; gloss extrapolated],stan1293,MORPHEME_ALIGNED,,3\Sg{} woman
20,Kuku Yalanji,kuku1273,Yurra karrkay dungay bana mana!,Yurra karrkay dunga-y bana mana!,2PL.NOM(SARG) child.ABS(SARG) go-IMP water.ABS(OBJ) get.IMP,You children go and get water!,"patz2002[203, (620)]",stan1293,MORPHEME_ALIGNED,,2\Pl{}.\Nom{}(\Sarg{}) child.\Abs{}(\Sarg{}) go-\Imp{} water.\Abs{}(\Obj{}) get.\Imp{}
21,Kuku Yalanji,kuku1273,Pastor nyulu…,Pastor nyulu…,pastor 3SG,"Pastor, he…","patz2002[202, (611); gloss extrapolated]",stan1293,MORPHEME_ALIGNED,,pastor 3\Sg{}
22,Kuku Yalanji,kuku1273,Ngayu babi wilbuman yindu ngamu nganjin dungariny mayi bakanka.,Ngayu babi wilbuman yindu ngamu nganjin dunga-ri-ny mayi baka-nka.,1SG.NOM(SARG) father's.mother.ABS(SARG) old.woman.ABS(SARG) other.ABS(SARG) mother.ABS(SARG) 1PL.EXCL.NOM(SARG) go-PL-PST food.ABS(OBJ) dig-PURP,"I, grandmother, another old woman and mother, we went out to dig for food (yams).","patz2002[203, (618)]",stan1293,MORPHEME_ALIGNED,,1\Sg{}.\Nom{}(\Sarg{}) father's.mother.\Abs{}(\Sarg) old.woman.\Abs{}(\Sarg{}) other.\Abs{}(\Sarg{}) mother.\Abs{}(\Sarg{}) 1\Pl{}.\Excl{}.\Nom{}(\Sarg{}) go-\Pl{}-\Pst{} food.\Abs{}(\Obj{}) dig-\Purp
23,Kayardild,kaya1319,niya jungarra dangkaa,niya jungarra dangkaa,he big man,the big man,evans1995[239],stan1293,WORD_ALIGNED,,he big man
24,Malagasy,mala1537,izaho vehivavy,izaho vehivavy,1SG.DEF woman,I woman,"paultravis2019[411, (6a)]",stan1293,WORD_ALIGNED,,1\Sg.\Def{} woman
25,Indonesian,stin1234,"kami, bangsa Indonesia","kami, bangsa Indonesia",we people Indonesia,"we, the people of Indonesia",sneddon1996[170],stan1293,WORD_ALIGNED,,we people Indonesia
26,Papuan Malay,papu1250,"de blang, a, om ko ini tra liat…","de blang, a, om ko ini tra liat…",3SG say ah! uncle 2SG DEM.PROX NEG see,"he said, ""ah, you uncle there didnt see…"" ","kluge2017[353, (66)]",stan1293,WORD_ALIGNED,,3\Sg{} say ah! uncle 2\Sg{} \Dem.\Prox{} \Neg{} see
27,Loniu,loni1238,sεh pihin sεh čani uwεh kaman uwεh wεčε ake,sεh pihin sεh čani uwεh kaman uwεh wεčε ake,3PL woman 3PL clear 1PL.EXCL man 1PL.EXCL cut.down tree,"The women clear, we men cut down the trees.","hamel1994[90, (6)]",stan1293,WORD_ALIGNED,,3\Pl{} woman 3\Pl{} clear 1\Pl.\Excl{} man 1\Pl.\Excl{} cut.down tree
28,Loniu,loni1238,iy amat iyɔ,iy amat iyɔ,3SG man DEM,this man,"hamel1994[100, (89)]",stan1293,WORD_ALIGNED,,3\Sg{} man \Dem
29,Windesi Wamesa,wame1241,sinitupatata,sinitu=pa-tata,person=DET-1PL.INCL,we people,"gasser2014[144, (3.46)]",stan1293,MORPHEME_ALIGNED,,person=\Det{}-1\Pl{}.\Incl{}
30,Maori,maor1246,E kaha rawa atu maatou ngaa kaiako naa ki te patapatai,E kaha rawa atu [maatou ngaa kaiako naa] ki te pata·patai,TAM strong very away 1PL.EXCL the.PL teacher DEM.2 to the REDUP·ask,We teachers ask a lot of questions.,"bauer1993[373, (1673)]",stan1293,WORD_ALIGNED,,\Tam{} strong very away 1\Pl.\Excl{} the.\Pl{} teacher \Dem.2 to the \Redup{}\textperiodcentered{}ask
31,Tuvaluan,tuva1244,Au ttino poto koo leva ne iloa nee au mea kolaa faatoaa iloa nee koe ttagata valea.,Au ttino poto koo leva ne iloa nee au mea kolaa faatoaa iloa nee koe ttagata valea.,I the+person intelligent PFV long.time PST know ERG I thing those just know ERG you the+man stupid,"I, an intelligent person, have long known what you, stupid man, are just discovering.","besnier2000[393, (2018)]",stan1293,WORD_ALIGNED,,I the+person intelligent \Pfv{} long.time \Pst{} know \Erg{} I thing those just know \Erg{} you the+man stupid
32,Tuvaluan,tuva1244,Taatou tino Tuuvalu e see tau ki meakkai kolaa.,Taatou tino Tuuvalu e see tau ki meakkai kolaa.,we.INCL person Tuvalu NPST NEG befit to food those,We Tuvaluans are not accustomed to that [type of] food.,"besnier2000[393, (2019)]",stan1293,WORD_ALIGNED,,we.\Incl{} person Tuvalu \Npst{} \Neg{} befit to food those
33,Kwaio,kwai1243,'agaurua ta'a i 'Ai'eda,'a-gauru-a ta'a i 'Ai'eda,FPRON.3TRI-? people LOC 'Ai'eda,those Aieda people,keesing1985[104],stan1293,MORPHEME_ALIGNED,"The status of the -a intervening between pronoun and noun is not clear, see Höhn (2020: 25) for speculation that this might be a reduced article.", \Fpron.3\Tri-? people \Loc{} 'Ai'eda
34,Kwaio,kwai1243,famerua ta'a geni,fa-meru-a ta'a geni,for-SPRON.1TRI.EXCL-? people female,for us women,keesing1985[104],stan1293,MORPHEME_ALIGNED,"The status of the -a intervening between pronoun and noun is not clear, see Höhn (2020: 25) for speculation that this might be a reduced article.",for-\Spron.1\Tri.\Excl-? people female
35,Arop-Lokep,arop1243,am garup ke Bok,am garup ke Bok,1EXCL.PL female.one of Bok,we women of Bok village,djernes2002[255],stan1293,WORD_ALIGNED,,1\Excl.\Pl{} female.one of Bok
36,Cheke Holo,chek1238,Tahati naikno ḡre e kmana puipuhida,Tahati naikno ḡre e kmana pui~puhi=da,1PL.INCL people DEM.PROX.PL EMPH lot.of DUR~way=1PL.POSS,We people have had many problems.,"boswell2018[165, (591)]",stan1293,MORPHEME_ALIGNED,,1\Pl.\Incl{} people \Dem.\Prox.\Pl{} \Emph{} lot.of \Dur~way=1\Pl.\Poss{}
37,Cheke Holo,chek1238,Gotilo Honiara falelehe egu,Gotilo Honiara fa-le~lehe egu,2PL Honiara CAUS-DUR~die like.that,"You people of Honiara kill [people], like that.","boswell2018[99, (301)]",stan1293,MORPHEME_ALIGNED,,2\Pl{} Honiara \Caus-\Dur~die like.that
38,Hoava,hoav1238,"Maki lavati sa pa Solomone, gi taṉani gita nikana hupa.","Maki lavati sa pa Solomone, gi ta-ṉani gita nikana hupa.",NEG.IMP big 3SG LOC Solomons and PASS-eat 1PL.INCL man black,"Let it [a monkey] not grow big in the Solomons, and we black men be bitten.","davis2003[48, (72a)]",stan1293,MORPHEME_ALIGNED,,\Neg{}.\Imp{} big 3\Sg{} \Loc{} Solomons and \Pass-eat 1\Pl.\Incl{} man black
39,Kokota,koko1269,gai nakoni zuzufra,gai nakoni zuzufra,we.EXCL person black,we black people,"palmer2008[95, (3.70a)]",stan1293,MORPHEME_ALIGNED,,we.\Excl{} person black
40,Kokota,koko1269,ka gai ira nakoni zuzufra tana nogoi naito tahi ke aḡeuniu,ka gai ira nakoni zuzufra tana nogoi naito tahi ke aḡe=u=ni=u,LOC we.INCL the.PL person black then VOC devil sea PFV go=be.thus=3SG.OBJ=CNT,"With us black people, then, man!, sea devil is what its called.","palmer2008[123, (4.1b)]",stan1293,MORPHEME_ALIGNED,,\Loc{} we.\Incl{} the.\Pl{} person black then \Voc{} devil sea \Pfv{} go=be.thus=3\Sg.\Obj=\Cnt
41,Kannada,nucl1305,na:vu bra:hmaNaru vidyeyannu mareyaba:radu.,na:vu bra:hmaNaru vidyeyannu mareyaba:radu.,we Brahmin.PL education.ACC forget.INF.PROH,We Brahmins shouldnt forget education.,"sridhar1990[209, (755)]",stan1293,WORD_ALIGNED,,we Brahmin.\Pl{} education.\Acc{} forget.\Inf.\Proh
42,Malayalam,mala1464,ɲaŋŋaɭ intyakkaar adhikavum sasyabhuukkukaɭ aaɳə,ɲaŋŋaɭ intyakkaar adhikavum sasyabhuukkukaɭ aaɳə,we.EXCL Indians mostly vegetarian.PL be.PRS,We Indians are mostly vegetarians.,"asherkumari1997[262, (1340)]",stan1293,WORD_ALIGNED,,we.\Excl{} Indians mostly vegetarian.\Pl{} be.\Prs{}
43,Tamil,tami1289,naaŋka iŋliişkaaraŋkellaam kaaramaana vastu caappiʈaratille,naaŋka iŋliişkaaraŋkellaam kaaramaana vastu caappiʈaratille,we English.person.PL.all spicy thing eat.PRS.NOM.NEG,We English do not eat hot things.,asher1985[146],stan1293,WORD_ALIGNED,,we English.person.\Pl.all spicy thing eat.\Prs.\Nom{}.\Neg
44,Welsh,wels1247,ni fyfyrwyr,ni fyfyrwyr,we SOFTMUT.student.PL,we students,hoehn2024[Supplementary Material S3],stan1293,WORD_ALIGNED,provided by David Willis (personal communication),we \Softmut.student.\Pl{}
45,Danish,dani1285,lad os voksne snakke i fred,lad os voksne snakke i fred,let.IMP 1.PL.ACC adults talk.INF in peace,Let us adults talk in peace.’,"schroeter2021[29, (32b)]",stan1293,WORD_ALIGNED,,let.\Imp{} 1.\Pl.\Acc{} adults talk.\Inf{} in peace
46,Icelandic,icel1247,við/ þið Íslendigar,við/ þið Íslendigar,we you.PL Icelanders,we/ you Icelanders,"sigurdssonwood2020[11, (16a)]",stan1293,WORD_ALIGNED,,we you.\Pl{} Icelanders
47,Norwegian,norw1258,til oss (to) (gamle) professorane,til oss (to) (gaml-e) professor-a-ne,to us two old-DEF professor-PL-DEF,to us (two) (old) professors,"julien2005[129, (4.36)]",stan1293,MORPHEME_ALIGNED,,to us two old-\Def{} professor-\Pl-\Def{}
48,Swedish,swed1254,vi studenter,vi student-er,we student-PL,we students,"julien2005[128, fn. 18, (ia)]",stan1293,MORPHEME_ALIGNED,,we student-\Pl{}
49,Dutch,dutc1256,Wij/ jullie taalkundigen denken te veel na.,Wij/ jullie taalkundigen denken te veel na.,we you.PL linguists think too much PRTCL,We/you linguists think too much.,"corver2008vocative[52, (23a)]",stan1293,WORD_ALIGNED,,we you.\Pl{} linguists think too much \Prtcl{}
50,German,stan1295,Wenn noch nicht einmal du Linguist die neue Rechtschreibung beherrschst…,Wenn noch nicht einmal [du Linguist] die neue Rechtschreibung beherrschst…,if still NEG PRTCL you.SG linguist DET.ACC.SG new orthography command.2SG,If not even you linguist have a command of the new orthography rules…,"rauh2004[100, (36)]",stan1293,WORD_ALIGNED,,if still \Neg{} \Prtcl{} you.\Sg{} linguist \Det.\Acc.\Sg{} new orthography command.2\Sg{}
51,Standard Modern Greek,mode1248,Emis i ghlosoloji piname.,Emis i ghlosoloji piname.,we DET.PL linguists are.hungry.1PL,We linguists are starving/hungry.,"lekakouszendroi2012[114, (12c)]",stan1293,WORD_ALIGNED,,we \Det.\Pl{} linguists are.hungry.1\Pl{}
52,Calabrian Greek/Greko,aspr1238,Emì ta pedìa den pìnnome kafè.,Emì ta pedìa den pìnnome kafè.,we DET.N.PL children.N NEG drink.1PL coffee,We children dont drink coffee.,"hoehnetalICGLcalabria[274, (17)]",stan1293,WORD_ALIGNED,,we \Det.\N.\Pl{} children.\N{} \Neg{} drink.1\Pl{} coffee
53,Kashmiri,kash1277,əs' kə:shir' chi kə:r'gar.,əs' kə:shir' chi kə:r'gar.,we Kashmiris are artisans,We Kashmiris are artisans.,"walikoul1997[200, (8)]",stan1293,WORD_ALIGNED,,we Kashmiris are artisans
54,Marathi,mara1378,āmhi̅ bāyakā nehmi̅ts āplyā kutumbã̅n sāṭhi̅ khapto,āmhi̅ bāyakā nehmi̅ts āplyā kutumbã̅n sāṭhi̅ khapto,we women always-EMPH REFL families for work.hard-1PL,We women always work hard for the sake of our families.,"pandharipande1997[386, (1141)]",stan1293,WORD_ALIGNED,,we women always-\Emph{} \Refl{} families for {work.hard-1\Pl}
55,Punjabi,panj1256,asĩĩ pañjaabii garam mijaaj de ãã.,asĩĩ pañjaabii garam mijaaj de ãã.,we Punjabi hot nature GEN.M.PL are,We Punjabis are hot blooded/tempered.,"bhatia1993[228, (703)]",stan1293,WORD_ALIGNED,,we Punjabi hot nature \Gen.\M.\Pl{} are
56,Persian,west2369,ma irania,ma irani-a,we Iranian-PL,we Iranians,"mahootian1997[212, (356)]",stan1293,WORD_ALIGNED,,we Iranian-\Pl
57,Aromanian,arom1237,noi pikurarli adrem pini.,noi pikurar-li adrem pini.,we shepherd-DEF.PL baled bread,We shepherds baked bread.,hoehn2024[Supplementary Material S3],stan1293,MORPHEME_ALIGNED,"elicited, see also Höhn (2016:546)",we shepherd-\Def.\Pl{} baled bread
58,Romanian,roma1327,Voi avocații vă apărați clienții.,Voi avocații vă apărați clienții.,you.PL lawyers-DEF CL.2PL defend cuzstomers-DEF,You lawyers defend your clients.,"cornilescunicolae2014[10, (20a)]",stan1293,WORD_ALIGNED,,you.\Pl{} lawyers-\Def{} \Cl.2\Pl{} defend cuzstomers-\Def{}
59,Catalan,stan1289,nosaltres els bombers,nosaltres els bombers,we DET.PL firemen,we firemen,hualde1992catalan[290],stan1293,WORD_ALIGNED,,we \Det.\Pl{} firemen
60,Galician,gali1258,nos os estudantes,nos os estudantes,we DET.PL students,we students,"hoehn2015unagr[560, (36a)]",stan1293,WORD_ALIGNED,,we \Det.\Pl{} students
61,European Portuguese,port1283,Nós portugueses bebemos bom café.,Nós portugueses bebemos bom café.,we Portuguese drink.1PL good coffee,We Portuguese drink good coffee.,hoehn2015unagr[555],stan1293,WORD_ALIGNED,,we Portuguese drink.1\Pl{} good coffee
62,Spanish,stan1288,Nosotros los lingüistas somos listos.,Nosotros los lingüistas somos listos.,we DET.PL linguists be.1PL smart,We linguists are smart.,"choi2014phd[210, (38a)]",stan1293,WORD_ALIGNED,,we \Det.\Pl{} linguists be.1\Pl{} smart
63,Italian,ital1282,noi/ voi linguisti,noi/ voi linguisti,we you.PL linguists,we/you linguists,"cardinaletti1994[202, (21a)]",stan1293,WORD_ALIGNED,,we you.\Pl{} linguists
64,Northern Calabrese,nort2612,Nua i quatrarə iucamə i cartə.,Nua i quatrarə iucamə i cartə.,we DET.PL children play.1PL DET.PL cards,We children play cards.,"hoehnetalICGLcalabria[276, (23b)]",stan1293,WORD_ALIGNED,,we \Det.\Pl{} children play.1\Pl{} \Det.\Pl{} cards
65,Southern Calabrese,sout2616,Nui i figghioli iocamu e carti.,Nui i figghioli iocamu e carti.,we DET.PL children play.1PL DET.PL cards,We children play cards.,"hoehnetalICGLcalabria[276, (23c)]",stan1293,WORD_ALIGNED,,we \Det.\Pl{} children play.1\Pl{} \Det.\Pl{} cards
66,Russian,russ1263,my leningradcy,my leningradcy,we Leningrader.PL,we Leningraders,"pesetsky1978[352, (4c)]",stan1293,WORD_ALIGNED,,we Leningrader.\Pl
67,Bulgarian,bulg1262,nie studentite,nie student-i-te,we students-PL-DEF,we students,hoehn2015unagr[560],stan1293,MORPHEME_ALIGNED,,we students-\Pl-\Def
68,Pomak,poma1238,'nami Po'matsemse no na pʌ'maga 'nikutri,'nami Po'matsem-se no na pʌ'maga 'nikutri,we.DAT Pomak.DAT.PL-DET.PROX 1PL.ACC NEG help.3SG nobody,Nobody helps us Pomaks.,papadimitriou2008[582],stan1293,MORPHEME_ALIGNED,,we.\Dat{} Pomak.\Dat.\Pl{}-\Det.\Prox{} 1\Pl.\Acc{} \Neg{} help.3\Sg{} nobody
69,Polish,poli1260,My lingwiści lubimy formalizację.,My lingwiści lubimy formalizację.,we linguists like.1PL formalisation,We linguists like formalisation.,"rutkowski2002[161f., (3b)]",stan1293,WORD_ALIGNED,,we linguists like.1\Pl{} formalisation
70,Khoekhoe/Nama,nama1264,sa k͜hoeta ké nĩ ra ǁ'o.,sa k͜hoe-ta ké nĩ ra ǁ'o.,ART.ADDR person-1PL.INCL.COMMON TOP? COMPEL PROG die,We humans have to die.,"boehm1985[133, (27b)]",stan1293,MORPHEME_ALIGNED,,\Art{}.\Addr{} person-1\Pl{}.\Incl{}.\Common{} \Top{}? \Compel{} \Prog{} die
71,Khwe/Kxoe,kxoe1243,Hè é tó Khwétò dì góέ à tó ò ǁé Qúvaǁè ǂxàátè à.,{Hè é} tó Khwé-tò dì góέ à tó ò ǁé Qúva-ǁè ǂxà-á-tè à.,DEM 2PL.COMMON Khwe-2PL.COMMON POSS cattle OBJ 2PL.COMMON POSS 1PL.M White-1PL.M give-I-PRS OBJ,"Here are yours, the Khwes cows that we, the Whites, give you.","kilianhatz2008[41, (1) quoting Köhler 1989:514f.]",stan1293,MORPHEME_ALIGNED,,\Dem{} 2\Pl{}.\Common{} Khwe-2\Pl{}.\Common{} \Poss{} cattle \Obj{} 2\Pl{}.\Common{} \Poss{} 1\Pl{}.\M{} White-1\Pl{}.\M{} give-I-\Prs{} \Obj{}
72,Kinyarwanda,kiny1244,Nubaha wow mukire.,N-ubah-a wow mu-kire.,1SG.SUBJ-respect-FV 2SG NCL1-rich.man,I respect you rich man.,"vanderwal2022[69, (73a)]",stan1293,MORPHEME_ALIGNED,,1\Sg.\Subj-respect-\Fv{} 2\Sg{} \Ncl{}1-rich.man
73,Luganda,gand1255,Ffe abantu abaavu ffe tubonaabona.,Ffe abantu abaavu ffe tubonaabona.,we people poor 1PL suffer,We poor people suffer.,hoehn2024[Supplementary Material S3],stan1293,WORD_ALIGNED,elicited with Jenneke van der Wal from Saudah Namyalo (pers. comm.),we people poor 1\Pl{} suffer
74,Nkore-Kiga,nkor1241,itwe abanyankore nituhinga ebinyoobwa,itwe abanyankore ni-tu-hinga ebinyoobwa,we Banyankole PRS.IPFV-1PL-cultivate groundnuts,We Banyankole grow groundnuts.,"taylor1985[131, (368)]",stan1293,MORPHEME_ALIGNED,,we Banyankole \Prs.\Ipfv-1\Pl-cultivate groundnuts
75,Nzadi,nzad1234,ntə̂m. yε kó luzíŋ ↓é bï andzéé bǐ k yéè ntswé ninyá bɔ. atá…,ntə̂m. yε kó luzíŋ ↓é bï andzéé bǐ k yéè ntswé ninyá bɔ. atá[…],taste and LOC life of us Nzadi.people we NEG.PRS sell fish that NEG even,"… tasty. In the tradition of us Nzadi, we dont sell that fish. Even…","craneetal2011[279, (10)]",stan1293,WORD_ALIGNED,,taste and \Loc{} life of us Nzadi.people we \Neg.\Prs{} sell fish that \Neg{} even
76,Swahili,swah1253,Nyinyi wanafunzi mmecheka.,Nyinyi wa-nafunzi m-me-cheka.,you.PL NCL2-student 2PL-PST-laugh,You students laughed.,hoehn2024[Supplementary Material S3],stan1293,MORPHEME_ALIGNED,"elicited from Vital Kazimoto (pers. comm.), cf. also Höhn (2016:546)",you.\Pl{} \Ncl{}2-student 2\Pl{}-\Pst-laugh
77,Babungo,veng1238,yìa vɨ́ɨ ndâa gə́ ntó',yìa vɨ́ɨ ndâa gə́ ntó',we.EXCL people smithy go-PRS palace,"We, the blacksmiths, go to the palace.","schaub1985[197, (134a)]",stan1293,WORD_ALIGNED,,we.\Excl{} people smithy go-\Prs{} palace
78,Koromfe,koro1298,ʊkɔ (a) korombʌ,ʊkɔ (a) korombʌ,we ART Koromba,we Koromba,"rennison1997[251, (585)]",stan1293,WORD_ALIGNED,,we \Art{} Koromba
79,Supyire,supy1237,wùu shìin taanré,wùu shìin taanré,we person.NCL1.PL three,we three,"carlson1994[208, (45a)]",stan1293,WORD_ALIGNED,,we person.\Ncl{}1.\Pl{} three
80,Menya,meny1245,Nyi täŋgaŋi Matiu iquki kukŋuä hni yatŋqä kimŋqäi.,Nyi tä=ŋga=ŋi Matiu i=qu=k=i kukŋuä hn=i yatŋqä k-i-m=ŋqä=i.,1SG this=TIME=GVN Matthew DEM=M=2SG=OBJ talk INDF=F ask 2SG-do-1SG/IRR=GOAL=IND,Im now going to ask you Matthew something.,"whitehead2006[30, (58)]",stan1293,MORPHEME_ALIGNED,,1\Sg{} this=\textsc{time}=\Gvn{} Matthew \Dem=\M={2\Sg}=\Obj{} talk \Indf=\F{} ask 2\Sg-do-1\Sg/\Irr=\textsc{goal}=\Ind{}
81,Menya,meny1245,Ne ämaqä qokä iqune yiämisaŋä huiyinä qw änkqäqui.,Ne ämaqä qokä i=qu=ne yiämisaŋä huiyi=nä qw ä-n-k-qäqu=i.,1PL person man DEM=M=1PL food other=FOC CERT ASS-eat-PST/PFV-1PL/DSO=IND,Then we men ate some other food.,"whitehead2006[30, (59)]",stan1293,MORPHEME_ALIGNED,,1\Pl{} person man \Dem=\M={1\Pl} food other=\Foc{} \Cert{} \Ass-eat-\Pst/\Pfv{}-1\Pl/\Dso=\Ind{}
82,Menya,meny1245,Hnquki quwä ämatqäi,Hn=qu=ki quwä ä-ma-t-qä=i,INDF=M=2SG steal ASS-get-2SG/IRR-GENERIC=DEF,Should one of you steal something…,"whitehead2013[9, (18)]",stan1293,MORPHEME_ALIGNED,,\Indf{}=\M=\textbf{2\Sg} steal \Ass-get-2\Sg/\Irr-\Generic=\Def{}
83,Momu,fass1245,"Yery mu, baso nenwu wutaru.","Yery mu, baso nenwu wu-ta-r-u.",1PL women child belly INAN:be.at-STVZR-1PLSG-NMLZ,"For we women, we get pregnant (lit. children are in our bellies).","honeyman2016[568, (4)]",stan1293,MORPHEME_ALIGNED,,1\Pl{} women child belly \Inan:be.at-\Stvzr-1\Pl\Sg{}-\Nmlz
84,Imonda,imon1245,ka sebuhe tõgõ filit,ka sebuhe tõgõ fi-li-t,1 devil thus do-EMPH-CF,We devils should have done it like that.,"seiler1985[61, (8)]",stan1293,MORPHEME_ALIGNED,,1 devil thus do-\Emph-\Cf
85,Bilua,bilu1245,engea Solomoniama maba posongela,enge=a Solomoni=a=ma maba poso=ngela,1PL.EXCL=LIG Solomon=LIG=3SG.F person PL.M=1PL.EXCL,"we, Solomon people","obata2003[85, (7.35)]",stan1293,MORPHEME_ALIGNED,,1\Pl{}.\Excl{}=\Lig{} Solomon=\Lig=3\Sg{}.\F{} person \Pl{}.\M{}=1\Pl{}.\Excl{}
86,Bilua,bilu1245,… laizamumela inio me.,… lai=za=mu=mela inio me.,{} where=LIG=3PL=2PL FOC.NF 2PL,… you are people from where?,"obata2003[88, (7.49)]",stan1293,MORPHEME_ALIGNED,,{} where=\Lig=3\Pl{}=2\Pl{}{} \Foc{}.\Nf{} 2\Pl{}
87,Lavukaleve,lavu1241,aka malav e roaru kiulam.,aka malav e roa-ru kiu-la-m.,then people 1PL.EXCL one.SGM-none die-NEG-SGM,"And we, the people [lit: the people we] didnt die. [i.e. None of us people died.]","terrill2003[171, (197)]",stan1293,MORPHEME_ALIGNED,,then people 1\Pl{}.\Excl{} one.\Sg{}\M{}-none die-\Neg{}-\Sg{}\M{}
88,Moskona,mosk1236,"miosnok mienahmiy, mienot jig miyes mier tofi.","mi-osnok mi-en-ah-miy, mi-en-ot jig miyes mi-er tofi.",1PL-person 1PL-DUR-bathe 1PL-DUR-stand LOC clothes 1PL-wear hat,"we people bathe, wear clothes, wear hats… (stand in clothes = wear clothes)","gravelle2010[344, (2)]",stan1293,MORPHEME_ALIGNED,,1\Pl{}-person 1\Pl-\Dur{}-bathe 1\Pl-\Dur{}-stand \Loc{} clothes 1\Pl{}-wear hat
89,Moskona,mosk1236,Eri iejen(a) iodog jig…,Eri i-ejen(a) i-odog jig…,they.PL 3PL-woman 3PL-pregnant LOC,(If/when) they the women are pregnant…,"gravelle2010[91, (38)]",stan1293,MORPHEME_ALIGNED,,they.\Pl{} 3\Pl-woman 3\Pl-pregnant \Loc{}
90,Moskona,mosk1236,eri Mosmir,eri Mosmir,they Maybrat,Maybrat people/tribe,"gravelle2010[224, (43b)]",stan1293,MORPHEME_ALIGNED,,they Maybrat
91,Sougb,mani1235,Emen Sougb/ emen meijouhw dangga.,Emen Sougb/ emen meijouhw dangga.,we.EXCL Sougb we.EXCL custom like.that,"We Sougb, thats our custom.","reesink2002sougb[274, (40)]",stan1293,WORD_ALIGNED,,we.\Excl{} Sougb we.\Excl{} custom like.that
92,Hatam,hata1243,Nyeni sop Tinam hwop yok nya ci gimbres,Nye-ni sop Tinam hwop yok nya ci gi-mbres,we-this woman Tinam girl put PL chase-away NMLZ-wide,We Tinam women are not easy to take.,"reesink1999[195, (72)]",stan1293,MORPHEME_ALIGNED,,we-this woman Tinam girl put \Pl{} chase-away \Nmlz{}-wide
93,Maybrat,maib1239,fnia anu pno po reto fawen fe,fnia anu p-no po re-t-o fawen fe,woman 2PL/1PL.INCL 1PL-do thing location.SPEC-PROX-UNMARK long.time NEG,"We women (inc), we havent done this thing for a long time.","dol2007[158, (99)]",stan1293,MORPHEME_ALIGNED,,woman 2\Pl/1\Pl.\Incl{} 1\Pl-do thing location.\Spec-\Prox-\Unmark{} long.time \Neg{}
94,Urim,urim1252,men melnum watipmen,men melnum watipmen,1PL.EXCL person many,we(excl.) many people,hemmilaeluoma1987[123],stan1293,MORPHEME_ALIGNED,,1\Pl.\Excl{} person many
95,Urim,urim1252,tu melnum,tu melnum,3PL person,the people,hemmilaeluoma1987[125],stan1293,MORPHEME_ALIGNED,,3\Pl{} person
96,Urim,urim1252,kupm Melming la naketn por ti,kupm Melming la nak-etn por ti,1SG Melming say tell.REAL-2SG.OBJ story this,I Melming told you this story.,hemmilaeluoma1987[125],stan1293,MORPHEME_ALIGNED,,1\Sg{} Melming say tell.\Real{}-2\Sg.\Obj{} story this
97,Savosavo,savo1255,No mapagha avena kula ata nova nitola.,[[No mapa=gha] [ave]]=na kula ata no-va nito=la.,2SG.[GEN] person=PL 1PL.EXCL=NOM seawards here 2SG-GEN.M eye=LOC.M,"[Addressing the volcano:] We, your people, (are) here seawards at your eye.","wegener2012[155, (285)]",stan1293,MORPHEME_ALIGNED,,2\Sg.[\Gen] person=\Pl{} 1\Pl.\Excl=\Nom{} seawards here 2\Sg-\Gen.\M{} eye=\Loc.\M{}
98,Manambu,mana1298,wun ñəna ñaməs,wun ñən-a ñaməs,I you.F-LNK+F.SG younger.sibling,"me, your younger sister",aikhenvald2008[197],stan1293,MORPHEME_ALIGNED,,I you.\F-\Lnk+\F.\Sg{} younger.sibling
99,Awtuw,awtu1239,rom Meleyyænim,rom Meley-yænim,3PL Meley-GENERIC,the people from Meley,"feldman1986[122, (15a)]",stan1293,MORPHEME_ALIGNED,,3\Pl{} Meley-\Generic{}
100,Awtuw,awtu1239,rey/ tey tale,rey/ tey tale,3M.SG/ 3F.SG woman,the woman,"feldman1986[123, (21a)]",stan1293,MORPHEME_ALIGNED,,3\M.\Sg{}/ 3\F.\Sg{} woman
101,Alamblak,alam1246,yimam,yima-m,person-3PL,people,bruce1984[96],stan1293,MORPHEME_ALIGNED,,person-3\Pl{}
102,Alamblak,alam1246,yimakë,yima-kë,person-2PL,you people,bruce1984[96],stan1293,MORPHEME_ALIGNED,,person-2\Pl{}
103,Alamblak,alam1246,yimanëm,yima-nëm,person-1PL,we people,bruce1984[96],stan1293,MORPHEME_ALIGNED,,person-1\Pl{}
104,Fore,fore1270,aogi yagara:'na: kanaue,aogi yagara:'-na: kana-u-e,good man-1SG come-1SG-IND,"I, the good man, come.",scott1978[80],stan1293,MORPHEME_ALIGNED,,good man-1\Sg{} come-1\Sg-\Ind{}
105,Yagaria,yaga1260,dagaea ve agaea ∅begidue,dagaea ve agaea ∅-begi-d-u-e,I man he him-hit-PST-1SG-IND,I hit the man.,renck1975[18f.],stan1293,MORPHEME_ALIGNED,,I man he him-hit-\Pst{}-1\Sg{}-\Ind{}
106,Yagaria,yaga1260,Ovuda malo' beidue,Ovu-da ma-lo' bei-d-u-e,Ovi-I this-LOC live-PST-1.SG-IND,"I, Ovu, am here.",renck1975[19],stan1293,MORPHEME_ALIGNED,,Ovi-I this-\Loc{} live-\Pst{}-1.\Sg{}-\Ind{}
107,Yagaria,yaga1260,atata eda'e,a-tata e-d-a'-e,woman-they.DU come-PST-3.DU-IND,The two women came.,renck1975[19],stan1293,MORPHEME_ALIGNED,,woman-they.\Du{}{} come-\Pst{}-3.\Du{}-\Ind{}
108,Amele,amel1241,Dana ben eu age hoiga.,[Dana ben eu age] ho-ig-a.,man big that 3PL come-3PL-TODPST,Those leaders (big men) came.,"roberts1987amele[210, (283)-(284)]",stan1293,MORPHEME_ALIGNED,,man big that 3\Pl{} come-3\Pl{}-\Todpst{}
109,Kobon,kobo1249,Juab Minöp kalɨp ñöb.,Juab Minöp kalɨp ñ-öb.,Juab Minöp OBJ.3DU give-PRF.3SG,He gave it to Juap and Minöp.,"davies1989[108, (264)]",stan1293,MORPHEME_ALIGNED,,Juab Minöp \Obj.3\Du{}{} give-\Prf.3\Sg{}
110,Kobon,kobo1249,Yad Kaunsol nibi bɨ abad aij gɨmɨdpin.,Yad Kaunsol nibi bɨ abad aij gɨ-mɨd-pin.,1SG councillor woman man look.after good do-HABIT-PFV.1SG,As councillor I look after the people well.,"davies1989[157, (408ad)]",stan1293,MORPHEME_ALIGNED,,1\Sg{} councillor woman man look.after good do-\Habit-\Pfv.1\Sg{}
111,Usan,usan1239,eâb igimine ne tain wo yânâmb wogub…,eâb igim-ine ne tain wo yâ-nâmb wogub…,cry.SS be-1SG.DS and father he me-hit.SS cease.SS,I was crying and my father he hit me and then…,"reesink1987[167, (99)]",stan1293,MORPHEME_ALIGNED,,cry.\Ss{} be-1\Sg.\Ds{} and father he me-hit.\Ss{} cease.\Ss{}
112,Usan,usan1239,… in bo an wau moi qomon gâs ende igoun,… in bo an wau moi qomon gâs ende ig-oun,{} we again you child unmarried custom like thus be-1PL.PRS,… we in turn live like the customs of you young men.,"reesink1987[190f., (41)]",stan1293,MORPHEME_ALIGNED,,{} we again you child unmarried custom like thus be-1\Pl.\Prs{}
113,Adang,adan1251,Sa Bain ʔari bεh.,Sa [Bain ʔari] bεh.,3SG.SBJ Bain 3.OBJ hit,S/he hit Bain.,"robinsonhaan2014[261, (165)]",stan1293,WORD_ALIGNED,,3\Sg.\Sbj{} Bain 3.\Obj{} hit
114,Kaera,kaer1234,Ilwang gang useruser bir bleling gom mi esero.,Ilwang gang user·user bir bleling g-om mi eser-o.,Ilwang 3SG REDUP·quickly run open 3SG-inside LOC exit-FIN,Ilwang quickly ran outside. (lit. … ran out to (the) opens inside),"klamer2014[129, (98)]",stan1293,MORPHEME_ALIGNED,,Ilwang 3\Sg{} \Redup\texttildelow{}quickly run open 3\Sg{}-inside \Loc{} exit-\Fin{}
115,Kamang,kama1365,almakangak gera,almakang=ak gera,people=DEF 3.CONTR,the (specific group of) people,"schapper2014[313f., (58a)]",stan1293,MORPHEME_ALIGNED,,people=\Def{} 3.\Contr{}
116,Sawila,sawi1256,aning du girra parra laata,[aning du girra] [parra] laata,NFIN.person PL 3.AARG field burn,People are burning fields.,"kratochvil2014[392, (102f)]",stan1293,WORD_ALIGNED,,\Nfin.person \Pl{} 3.\Aarg{} field burn
117,Wersing,wers1238,aning gnuk unan lewena,aning gnuk unan le-wena,person 3.DU louse APPL-search,Those two people searched for lice.,"schapperhendery2014[472, (75)]",stan1293,MORPHEME_ALIGNED,,person 3.\Du{} louse \Appl-search
118,Western Pantar,lamm1241,Tabang alaku Duinni Maggangkala ging araung yattu gaung misingup.,[[Tabang alaku Duinni Maggangkala] [ging]] a-raung yattu ga-ung misingup.,slave two Duinni Maggangkala 3PL.ACT INCP-climb tree 3SG-head sit,The two slaves Duinni Maggangkala climbed up and sat in the tree.,"holton2014[53, (105)]",stan1293,MORPHEME_ALIGNED,,slave two Duinni Maggangkala 3\Pl.\Act{} INCP-climb tree 3\Sg-head sit
119,East Geshiza,gesh1238,"rdʑæ lmæɲətʰətʰə mpʰri vsʰæbɔ, rdʑæ. bæ ŋæɲətʰə mpʰri misʰoŋ.","rdʑæ lmæ=ɲə=tʰə~tʰə mpʰri v-sʰæ=bɔ, rdʑæ. bæ ŋæ=ɲə=tʰə mpʰri mi-sʰoŋ.",Chinese 3=PL.ABS=TOP~REDUP snake.ABS INV-kill.NPST.3=MOD Chinese.ABS Tibetan 1=PL.ABS=TOP snake.ABS NEG-kill.NPST.1PL,"The (Han) Chinese, they kill snakes. […] We Tibetans do not kill snakes.","honkasalo2019[480, (7.48)]",stan1293,MORPHEME_ALIGNED,,Chinese 3=\Pl.\Abs{}=\Top~\Redup{} snake.\Abs{} \Inv-kill.\Npst.3=\Mod{} Chinese.\Abs{} Tibetan 1=\Pl.\Abs{}=\Top{} snake.\Abs{} \Neg{}-kill.\Npst.1\Pl{}
120,Mandarin,mand1415,congming de nimen ziji xiang banfa jiejue ba!,congming de ni-men ziji xiang banfa jiejue ba!,smart LNK you-PL yourselves think ways solve EXCLAM,you smart people think of a way to solve it yourselves.,boskovichsieh2013[(53a)],stan1293,MORPHEME_ALIGNED,,smart \Lnk{} you-\Pl{} yourselves think ways solve \Exclam{}
121,Hungarian,hung1274,Ti orvosok sokat dolgoztok.,Ti orvos-ok sok-at dolgoz-tok.,you.PL doctor-PL much-ACC work-INDF.2PL,You doctors work a lot.,"keneseietal1998[269, (492)]",stan1293,MORPHEME_ALIGNED,,you.\Pl{} doctor-\Pl{} much-\Acc{} work-\Indf.2\Pl
122,Finnish,finn1318,Me naiset menemme nyt saunaan.,Me naiset menemme nyt saunaan.,we woman.PL go.1PL now sauna.ILL,We women will go to the sauna now.,"sulkalakarjalainen1992[277, (1335)]",stan1293,WORD_ALIGNED,,we woman.\Pl{} go.1\Pl{} now sauna.\Ill
123,Ndyuka,ndyu1242,u gaanman fu den liba,u gaanman fu den liba,1/2PL chief for the.PL river,you chiefs of the rivers,"huttarhuttar1994[467, (2075)]",stan1293,WORD_ALIGNED,,1/2\Pl{} chief for the.\Pl{} river
124,Nigerian Pidgin,nige1257,Unà onyìbo pipul no dè chu kola àtô̱l.,Unà onyìbo pipul no dè chu kola àtô̱l.,you.PL white people NEG IPFV chew kola NEG.EMPH,You white people dont chew kola nut at all.,"faraclas1996[181, (802)]",stan1293,WORD_ALIGNED,,you.\Pl{} white people \Neg{} \Ipfv{} chew kola \Neg.\Emph{}
125,Kristang,mala1533,"kora jenti muré, tudu nus kristáng bai","kora jenti muré, tudu nus kristáng bai",when person die all 1PL Kristang go,"When people die, all we Kristangs go (to the wake).","baxter1988[86, (11)]",stan1293,WORD_ALIGNED,,when person die all 1\Pl{} Kristang go
126,Mi'kmaq,mikm1235,ninen elnuiyek,ninen elnui-yek,we.EXCL people-1PL.EXCL,we First Nation people,pacifiqueetal1990[188],stan1293,MORPHEME_ALIGNED,,we.\Excl{} people-1\Pl.\Excl
127,Katu,nucl1297,manuih yi,manuih yi,people we,,"costello1969[28, (35)]",stan1293,WORD_ALIGNED,,people we
128,Katu,nucl1297,yi manuih,yi manuih,we people,we people,"costello1969[28, (36)]",stan1293,WORD_ALIGNED,,we people
129,Katu,nucl1297,yi adi anó yi,yi adi anó yi,we older.brother younger.brother we,we older and younger brothers,"costello1969[28, (37)]",stan1293,WORD_ALIGNED,,we older.brother younger.brother we
130,Wari',wari1268,Wirico Mon' co pa' na mijac,Wirico Mon' co pa' na mijac,EMPH:3SG.M M:name INFL:M/F.REAL.PST/PRS kill 3SG:REAL.PST/PRS pig,It was Mon who killed a pig.,"everettkern1997[303, (570a)]",stan1293,WORD_ALIGNED,,\Emph:3\Sg.\M{} \M:name \Infl:\M/\F.\Real.\Pst/\Prs{} kill 3\Sg:\Real.\Pst/\Prs{} pig
131,Lezgian,lezg1247,"Čaz čubanr.iz, wun har näniqʰ k'wal.iz qʰifizwazjdi qʰsam čizwa","Ča-z čuban-r.i-z, wun har näni-qʰ k'wal.i-z qʰifi-zwazj-di qʰsam či-zwa",we-DAT shepherd-DAT you:ABS every night-POSTESS house-DAT return-IPFV-PTCP-NMLZ good know-IPFV,We shepherds know well that you go home every night.,"haspelmath1993[259, (682a)]",stan1293,MORPHEME_ALIGNED,,we-\Dat{} shepherd-\Dat{} you:\Abs{} every night-\Postess{} house-\Dat{} return-\Ipfv-\Ptcp-\Nmlz good know-\Ipfv
132,Abkhaz,abkh1244,"ħa(rà) (šᵒa(rà), darà) abàħčaajayᵒcᵒa","ħa(rà) (šᵒa(rà), darà) a-bàħč-aa-ja-yᵒ-cᵒa",we you they ART-garden-PREV-tend-AARG-PL,"we (you, they) gardeners",hewitt1989[159],stan1293,WORD_ALIGNED,,we you they \Art-garden-\Prev-tend-\Aarg{}-\Pl
133,Basque,basq1248,Galdu didazue aitasemeok afaritako gogo guztia.,Galdu didazue aita-seme-ok afari-ta-ko gogo guzti-a.,spoil 3SG.ABS.AUX.1SG.DAT.2PL.ERG father-son-PROXART.PL.ERG dinner-LOC-LNK appetite all-DET.ABS,"You, father and son, have spoiled my whole appetite for dinner.","derijk2008[502, (90a)]",stan1293,MORPHEME_ALIGNED,,spoil 3\Sg{}.\Abs{}.\Aux{}.1\Sg{}.\Dat{}.\textbf{2\Pl{}.\Erg} father-son-\Proxart.\Pl{}.\Erg{} dinner-\Loc{}-\Lnk{} appetite all-\Det{}.\Abs{}
134,Basque,basq1248,Zor berria dugu euskaldunok Orixerekin.,Zor berri-a dugu euskaldun-ok Orixe-rekin.,debt new-DET.ABS 3SG.ABS.AUX.1PL.ERG Basque-PROXART.PL Orixe-COM,We Basques have a new debt to Orixe.,"derijk2008[502, (91a)]",stan1293,MORPHEME_ALIGNED,,debt new-\Det{}.\Abs{}{} 3\Sg{}.\Abs{}.\Aux{}.\textbf{1\Pl{}.\Erg} Basque-\Proxart.\Pl{}{} Orixe-\Com{}
135,Classical Nahuatl,clas1250,Nicuīca niPetoloh.,Nicuīca niPetoloh.,I-sing I-am-Peter,"I, Peter, sing.",andrews1975[193],stan1293,MORPHEME_ALIGNED,,I-sing I-am-Peter
136,Classical Nahuatl,clas1250,Nēchitta niPetoloh.,Nēchitta niPetoloh.,he-sees-me I-am-Peter,"He sees me, Peter.",andrews1975[193],stan1293,MORPHEME_ALIGNED,,he-sees-me I-am-Peter
137,Classical Nahuatl,clas1250,Nocal niPetoloh.,Nocal niPetoloh.,It-is-my-house/they-are-my-houses I-am-Peter,It is my house (and I am Peter)./They are my houses (and I am Peter).,andrews1975[194],stan1293,MORPHEME_ALIGNED,,It-is-my-house/they-are-my-houses I-am-Peter
138,Evenki,even1259,Bu bejumimnil emere∅.,Bu bejumimni-l eme-re-∅.,we hunter-PL come-NFUT-3PL,"We, hunters, came.","nedjalkov1997[199, (794)]",stan1293,MORPHEME_ALIGNED,,we hunter-\Pl{} come-\Nfut-3\Pl
139,Hixkaryana,hixk1239,mɨnayarɨ horɨ amna ntono. nɨmno hokono rma amna,mɨnayarɨ horɨ amna ntono. nɨmno hokono rma amna,species.of.leaf seeking we.EXCL went house one.occupied.with same-ref we.EXCL,We housebuilders went looking for leaves,"derbyshire1979[131, (290)]",stan1293,WORD_ALIGNED,,species.of.leaf seeking we.\Excl{} went house {one.occupied.with} same-ref we.\Excl{}
140,Hixkaryana,hixk1239,nux mokro raheno,nux mokro raheno,my.younger.brother that.one he.seduced.me,That younger brother of mine seduced me,"derbyshire1979[132, (293a)]",stan1293,WORD_ALIGNED,,my.younger.brother that.one he.seduced.me
141,Japanese,nucl1643,wareware nihonjin,wareware nihonjin,we Japanese,we Japanese,hinds1988[254],stan1293,WORD_ALIGNED,,we Japanese
142,Korean,kore1280,wuli ttokttokhan enehakcatul,wuli ttokttokhan enehakcatul,we smart linguists,,"choi2014phd[151, (15)]",stan1293,WORD_ALIGNED,,we smart linguists
143,Korean,kore1280,ttokttokhan wuli enehakcatul,ttokttokhan wuli enehakcatul,smart we linguists,we smart linguists,"choi2014phd[151, (15)]",stan1293,WORD_ALIGNED,,smart we linguists
144,Kalaallisut/West Greenlandic,kala1399,kalaallit uagut,kalaalli-t uagut,Greenlander-ABS.PL we,we Greenlanders,fortescue1984[110; gloss extrapolated],stan1293,MORPHEME_ALIGNED,,Greenlander-\Abs{}.\Pl{} we
145,Kalaallisut/West Greenlandic,kala1399,uagut kalaaliusugut,uagut kalaali-u-sugut,we Greenlander-be-1PL.PTCP,we Greenlanders,fortescue1984[257],stan1293,MORPHEME_ALIGNED,,we Greenlander-be-1\Pl{}.\Ptcp{}
146,Lakkia,lakk1238,tau⁵¹ hou²⁴ ʔat⁵⁵ jen¹¹ kjã:u²⁴,tau⁵¹ hou²⁴ {ʔat⁵⁵ jen¹¹ kjã:u²⁴},1PL two sister,"we, the two sisters","fan2019[137, (40)]",stan1293,WORD_ALIGNED,,1\Pl{} two sister
147,Turkish,nucl1301,biz Türkler vatanımızı severiz,biz Türk-ler vatan-ımız-ı sev-er-iz,we Turk-PL mother.country-1PL-ACC love-AOR-1PL,We Turks love our country,"kornfilt1997[297, (1075)]",stan1293,MORPHEME_ALIGNED,,we Turk-\Pl{} mother.country-1\Pl-\Acc{} love-\Aor-1\Pl{}
148,English,stan1293,you linguists,you linguist-s,2SG.PL linguist-PL,you linguists,hoehn2024[Supplementary Material S3],stan1293,MORPHEME_ALIGNED,,2\Sg.\Pl{} linguist-\Pl{}
149,Hua,huaa1250,forapi da,forapi da,Forapi 1SG,"I, Forapi",haiman1980[226],stan1293,MORPHEME_ALIGNED,,Forapi 1\Sg{}
150,Hua,huaa1250,forapiga,forapi-ga,Forapi-2SG,"You, Forapi",haiman1980[226],stan1293,MORPHEME_ALIGNED,,Forapi-2\Sg{}
151,Hua,huaa1250,nonokama da,,,I your maternal uncle,haiman1980[226],stan1293,,,
152,Hua,huaa1250,vimata,,,of us men,haiman1980[240],stan1293,,person marked genitive forms,
153,Hua,huaa1250,ademata,ademata,,of us women,haiman1980[240],stan1293,,person marked genitive forms,
154,Hua,huaa1250,vi'ita,vi'ita,,of you men,haiman1980[240],stan1293,,person marked genitive forms,
155,Hua,huaa1250,adita,adita,,of you women,haiman1980[240],stan1293,,person marked genitive forms,
156,Chitimacha,chit1248,ʔuš panš' ha hananki' namkinada',,,We people who live in this house.,swadesh1967[333],stan1293,,,
157,Korean,kore1280,wuli(tul) hankwuk salam,wuli-(tul) hankwuk salam,we-PL Korean person,we Koreans,sohn1994[292],stan1293,MORPHEME_ALIGNED,Gloss added (GFKH),we-PL Korean person
